Artist_ID,Movie_Cast
A001,M001
A002,M002
A003,M003
A004,M004
A005,M005
A006,M006
A007,M007
A008,M008
A009,M009
A010,M010
A011,M011
A012,M012
A013,M013
A014,M001
A015,M002
A016,M003
A017,M004
A018,M005
A019,M006
A020,M007
A021,M008
A022,M009
A023,M010
A024,M011
A025,M012
A026,M013
A027,M001
A028,M002
A029,M003
A030,M004
A031,M005
A032,M006
A033,M007
A034,M008
A035,M009
A036,M010
A037,M011
A038,M012
A039,M013
A009,M015
A010,M016
A011,M017
A012,M018
A013,M019
A014,M020
A015,M021
A016,M022
A017,M023
A018,M024
A019,M025
A020,M026
A021,M027
A022,M028
A023,M029
A024,M030
A025,M031
A009,M032
A010,M033
A011,M034
A012,M035
A013,M008
A014,M009
A015,M010
A016,M011
A017,M012
A018,M013
A019,M015
A020,M016
A021,M017
A022,M018
A023,M019
A024,M020
A025,M021
A031,M022
A032,M023
A033,M024
A034,M025
A035,M007
A036,M008
A037,M009
A038,M010
A039,M011
A009,M012
A010,M013
A011,M001
A012,M002
A013,M003
A014,M004
A015,M005
A016,M006
A017,M007
A001,M008
A002,M009
A003,M010
A004,M011
A005,M012
A006,M013
A007,M035
A010,M008
A012,M009
